EventID,Desk,Trader,Book,BuySell,Quantity,BondID,Price,ExclusionType
2,NY,T2078717,NY02,buy,533.0,B35648,,NO_MARKET_PRICE
4,SYD,T8621521,SYD00,buy,555.0,B17266,,NO_MARKET_PRICE
5,LON,T6326422,LON04,buy,125.0,B38589,,NO_MARKET_PRICE
6,NY,T1087795,NY21,buy,531.0,B31538,,NO_MARKET_PRICE
7,HK,T5727593,HK11,buy,467.0,B34105,,NO_MARKET_PRICE
8,LON,T6326422,LON02,sell,703.0,B45918,,NO_MARKET_PRICE
17,NY,T4439875,NY44,sell,646.0,B45918,,NO_MARKET_PRICE
20,NY,T1087795,NY23,sell,681.0,B27558,,NO_MARKET_PRICE
27,TOK,T2697765,TOK02,sell,863.0,B27023,723.0,QUANTITY_OVERLIMIT
29,TOK,T3937126,TOK32,sell,745.0,B08521,,NO_MARKET_PRICE
31,LON,T6326422,LON04,sell,327.0,B35479,10479.75,QUANTITY_OVERLIMIT
36,NY,T1087795,NY20,buy,661.0,B18694,,NO_MARKET_PRICE
37,SYD,T5521536,SYD10,buy,402.0,B44611,,NO_MARKET_PRICE
38,NY,T1087795,NY22,sell,807.0,B02473,,NO_MARKET_PRICE
41,NY,T2078717,NY01,buy,772.0,B23639,,NO_MARKET_PRICE
55,SYD,T8621521,SYD03,buy,308.0,B48886,,NO_MARKET_PRICE
58,TOK,T3121807,TOK24,buy,591.0,B31538,,NO_MARKET_PRICE
61,LON,T6326422,LON04,sell,984.0,B45193,1996.52,QUANTITY_OVERLIMIT
63,SG,T9277645,SG13,buy,398.0,B23639,,NO_MARKET_PRICE
70,LON,T7210244,LON14,sell,614.0,B48886,,NO_MARKET_PRICE
74,LON,T7210244,LON14,sell,353.0,B45918,,NO_MARKET_PRICE
76,LON,T2121033,LON21,buy,678.0,B17266,,NO_MARKET_PRICE
77,SG,T5983248,SG02,sell,284.0,B47982,735.9,QUANTITY_OVERLIMIT
80,SG,T5983248,SG02,sell,141.0,B44611,,NO_MARKET_PRICE
81,SYD,T8621521,SYD03,sell,239.0,B04712,896.0,QUANTITY_OVERLIMIT
85,NY,T7375392,NY10,sell,434.0,B38589,,NO_MARKET_PRICE
86,NY,T4848015,NY34,sell,263.0,B16316,,NO_MARKET_PRICE
95,SYD,T5521536,SYD11,sell,315.0,B34105,,NO_MARKET_PRICE
97,NY,T7375392,NY10,buy,583.0,B17901,,NO_MARKET_PRICE
98,HK,T3179669,HK32,buy,475.0,B44611,,NO_MARKET_PRICE
99,TOK,T2697765,TOK00,buy,556.0,B08521,,NO_MARKET_PRICE
103,TOK,T3937126,TOK31,buy,164.0,B17266,,NO_MARKET_PRICE
109,SG,T5983248,SG00,buy,655.0,B03283,,NO_MARKET_PRICE
111,SG,T5983248,SG05,buy,220.0,B45918,,NO_MARKET_PRICE
114,TOK,T2697765,TOK04,buy,375.0,B45918,,NO_MARKET_PRICE
120,SG,T9277645,SG12,sell,813.0,B44611,,NO_MARKET_PRICE
123,SYD,T8621521,SYD00,sell,623.0,B25841,9982.71,QUANTITY_OVERLIMIT
128,LON,T6326422,LON03,sell,854.0,B25841,9982.71,QUANTITY_OVERLIMIT
130,HK,T3179669,HK33,buy,877.0,B45918,,NO_MARKET_PRICE
131,HK,T6189452,HK23,buy,917.0,B45214,,NO_MARKET_PRICE
132,SG,T5983248,SG04,sell,249.0,B05609,142664.0,QUANTITY_OVERLIMIT
137,LON,T6326422,LON02,sell,246.0,B10340,9476.14,QUANTITY_OVERLIMIT
138,NY,T4848015,NY34,sell,728.0,B47982,729.35,QUANTITY_OVERLIMIT
140,NY,T4439875,NY42,sell,959.0,B28917,1281.68,QUANTITY_OVERLIMIT
141,LON,T2121033,LON20,sell,942.0,B35479,6124.8,QUANTITY_OVERLIMIT
145,SG,T9564084,SG23,sell,478.0,B11094,,NO_MARKET_PRICE
147,HK,T6189452,HK22,sell,443.0,B27023,723.0,QUANTITY_OVERLIMIT
148,HK,T6189452,HK23,sell,894.0,B35648,107142.0,QUANTITY_OVERLIMIT
149,SYD,T8621521,SYD02,sell,171.0,B48886,,NO_MARKET_PRICE
151,TOK,T3937126,TOK32,sell,266.0,B47982,729.35,QUANTITY_OVERLIMIT
153,HK,T3800229,HK00,buy,407.0,B31538,,NO_MARKET_PRICE
154,TOK,T3121807,TOK25,buy,908.0,B44611,,NO_MARKET_PRICE
158,SYD,T5521536,SYD13,sell,208.0,B17901,,NO_MARKET_PRICE
168,SYD,T5521536,SYD13,sell,381.0,B27558,5918.2,QUANTITY_OVERLIMIT
169,NY,T4848015,NY31,sell,473.0,B05609,142664.0,QUANTITY_OVERLIMIT
172,LON,T6326422,LON03,sell,650.0,B35479,6124.8,QUANTITY_OVERLIMIT
179,NY,T4848015,NY33,sell,218.0,B02473,6068.16,QUANTITY_OVERLIMIT
181,TOK,T9108891,TOK10,sell,786.0,B04712,896.0,QUANTITY_OVERLIMIT
190,NY,T4848015,NY33,sell,844.0,B25841,9982.71,QUANTITY_OVERLIMIT
200,NY,T4848015,NY31,sell,496.0,B31538,,NO_MARKET_PRICE
203,LON,T6326422,LON03,sell,752.0,B11094,,NO_MARKET_PRICE
206,TOK,T3121807,TOK23,sell,142.0,B17266,,NO_MARKET_PRICE
212,LON,T6326422,LON04,sell,890.0,B18694,1511.51,QUANTITY_OVERLIMIT
213,NY,T2078717,NY00,sell,298.0,B02473,6068.16,QUANTITY_OVERLIMIT
214,NY,T1087795,NY21,sell,969.0,B11094,,NO_MARKET_PRICE
215,SG,T9564084,SG20,buy,641.0,B48886,,NO_MARKET_PRICE
220,HK,T3179669,HK30,sell,420.0,B28659,170940.0,QUANTITY_OVERLIMIT
229,TOK,T3121807,TOK24,sell,156.0,B11094,,NO_MARKET_PRICE
232,HK,T3179669,HK31,sell,329.0,B03283,2243.86,QUANTITY_OVERLIMIT
233,TOK,T3121807,TOK25,sell,654.0,B31538,849.66,QUANTITY_OVERLIMIT
234,TOK,T3937126,TOK32,sell,591.0,B35648,193033.0,QUANTITY_OVERLIMIT
236,HK,T5727593,HK13,sell,132.0,B45918,8242.56,QUANTITY_OVERLIMIT
240,LON,T6326422,LON02,sell,980.0,B17901,825.03,QUANTITY_OVERLIMIT
241,SYD,T5521536,SYD13,sell,936.0,B27023,723.0,QUANTITY_OVERLIMIT
245,HK,T5727593,HK14,sell,684.0,B27558,5918.2,QUANTITY_OVERLIMIT
256,HK,T3179669,HK33,sell,902.0,B08521,7962.9,QUANTITY_OVERLIMIT
258,HK,T6189452,HK22,sell,491.0,B03283,1188.27,QUANTITY_OVERLIMIT
260,TOK,T2697765,TOK00,sell,354.0,B38589,,NO_MARKET_PRICE
281,SG,T9564084,SG20,sell,760.0,B28659,170940.0,QUANTITY_OVERLIMIT
288,TOK,T3937126,TOK33,sell,342.0,B18694,1511.51,QUANTITY_OVERLIMIT
293,HK,T3800229,HK04,buy,601.0,B11094,,NO_MARKET_PRICE
295,SG,T9277645,SG12,buy,611.0,B23639,,NO_MARKET_PRICE
296,NY,T1087795,NY21,buy,806.0,B11094,,NO_MARKET_PRICE
298,SYD,T5521536,SYD11,sell,372.0,B31538,1610.0,QUANTITY_OVERLIMIT
300,SG,T5983248,SG02,sell,692.0,B31214,504.0,QUANTITY_OVERLIMIT
304,SG,T9564084,SG20,sell,338.0,B16316,1159.0,QUANTITY_OVERLIMIT
317,LON,T6326422,LON01,sell,285.0,B01774,1726.56,QUANTITY_OVERLIMIT
328,HK,T6189452,HK23,sell,828.0,B45918,9596.88,QUANTITY_OVERLIMIT
332,SYD,T8621521,SYD02,sell,393.0,B23639,,NO_MARKET_PRICE
336,SG,T9277645,SG13,sell,786.0,B35479,9157.98,QUANTITY_OVERLIMIT
339,LON,T7210244,LON10,sell,439.0,B02473,6112.99,QUANTITY_OVERLIMIT
345,NY,T4848015,NY33,sell,995.0,B27558,5918.2,QUANTITY_OVERLIMIT
349,LON,T2121033,LON22,sell,382.0,B05609,142664.0,QUANTITY_OVERLIMIT
350,HK,T5727593,HK10,sell,604.0,B48886,8663.94,QUANTITY_OVERLIMIT
352,SG,T9564084,SG20,sell,119.0,B45193,2531.69,QUANTITY_OVERLIMIT
359,LON,T7210244,LON14,sell,465.0,B45193,2531.69,QUANTITY_OVERLIMIT
361,SYD,T8621521,SYD00,sell,656.0,B17901,1564.5,QUANTITY_OVERLIMIT
377,HK,T5727593,HK13,sell,801.0,B28659,70242.0,QUANTITY_OVERLIMIT
400,HK,T6189452,HK20,sell,452.0,B45214,188760.0,QUANTITY_OVERLIMIT
401,TOK,T3937126,TOK30,sell,318.0,B05609,181104.0,QUANTITY_OVERLIMIT
402,NY,T4439875,NY40,sell,647.0,B23639,2319.81,QUANTITY_OVERLIMIT
404,NY,T4848015,NY31,sell,420.0,B31214,504.0,QUANTITY_OVERLIMIT
406,SG,T9564084,SG22,sell,101.0,B17901,1564.5,QUANTITY_OVERLIMIT
410,HK,T6189452,HK20,sell,538.0,B04712,673.0,QUANTITY_OVERLIMIT
412,TOK,T3937126,TOK33,sell,178.0,B45214,188760.0,QUANTITY_OVERLIMIT
419,SG,T9564084,SG23,sell,700.0,B28659,70242.0,QUANTITY_OVERLIMIT
425,SG,T9564084,SG22,sell,173.0,B31538,1743.72,QUANTITY_OVERLIMIT
429,NY,T4439875,NY40,sell,325.0,B34105,953.64,QUANTITY_OVERLIMIT
430,HK,T3800229,HK00,sell,894.0,B31538,1743.72,QUANTITY_OVERLIMIT
431,NY,T2078717,NY01,sell,305.0,B08521,9669.0,QUANTITY_OVERLIMIT
434,SG,T9564084,SG23,sell,915.0,B28659,70242.0,QUANTITY_OVERLIMIT
451,SG,T9277645,SG13,sell,981.0,B47982,1731.51,QUANTITY_OVERLIMIT
452,SG,T9564084,SG21,sell,114.0,B44611,718.0,QUANTITY_OVERLIMIT
457,HK,T5727593,HK12,sell,177.0,B27023,723.0,QUANTITY_OVERLIMIT
458,NY,T4848015,NY30,sell,174.0,B05609,129228.0,QUANTITY_OVERLIMIT
464,NY,T4848015,NY30,sell,983.0,B45214,188760.0,QUANTITY_OVERLIMIT
470,LON,T2121033,LON20,sell,694.0,B04712,673.0,QUANTITY_OVERLIMIT
474,SYD,T8621521,SYD00,sell,323.0,B17266,135240.0,QUANTITY_OVERLIMIT
482,SYD,T8621521,SYD01,sell,437.0,B11094,9863.7,QUANTITY_OVERLIMIT
496,TOK,T3937126,TOK31,sell,251.0,B01774,1726.56,QUANTITY_OVERLIMIT
498,TOK,T3121807,TOK22,sell,805.0,B45193,1322.02,QUANTITY_OVERLIMIT
500,NY,T1087795,NY21,sell,771.0,B35648,126852.0,QUANTITY_OVERLIMIT
